epoch,d_a,g_a,cycle_a,idt_a,d_b,g_b,cycle_b,idt_b
1.159999,2.137,2.504,1.683,0.221,0.380,0.460,1.975,0.171
1.3199990000000001,0.300,0.469,1.315,0.174,0.298,0.415,1.721,0.132
1.479999,0.284,0.366,1.193,0.172,0.301,0.319,1.588,0.155
1.6399990000000002,0.284,0.498,1.106,0.164,0.261,0.331,1.419,0.125
1.7999990000000001,0.326,0.439,1.136,0.156,0.263,0.334,1.411,0.131
1.959999,0.238,0.371,0.981,0.152,0.262,0.309,1.431,0.102
2.108799,0.488,0.582,1.198,0.140,0.379,0.470,1.327,0.114
2.268799,0.228,0.345,1.083,0.137,0.269,0.379,1.392,0.105
2.4287989999999997,0.420,0.514,1.243,0.123,0.290,0.407,1.209,0.137
2.588799,0.233,0.349,0.934,0.123,0.280,0.321,1.210,0.105
2.748799,0.248,0.333,0.906,0.120,0.273,0.369,1.164,0.094
2.908799,0.253,0.321,0.980,0.123,0.245,0.319,1.262,0.099
3.0575989999999997,0.323,0.378,0.998,0.113,0.241,0.293,1.168,0.095
3.217599,0.241,0.313,1.039,0.110,0.440,0.506,1.094,0.108
3.377599,0.222,0.350,0.894,0.119,0.222,0.330,1.210,0.087
3.5375989999999997,0.304,0.368,0.822,0.112,0.246,0.281,1.105,0.081
3.697599,0.275,0.324,0.929,0.108,0.277,0.347,1.121,0.090
3.857599,0.236,0.319,1.033,0.099,0.239,0.295,0.994,0.102
4.006399,0.228,0.375,0.825,0.102,0.240,0.288,1.064,0.077
4.166399,0.313,0.454,1.049,0.110,0.233,0.347,1.130,0.102
4.326398999999999,0.240,0.347,1.091,0.103,0.297,0.343,1.043,0.100
4.486399,0.229,0.310,0.761,0.095,0.244,0.378,1.039,0.081
4.646399,0.284,0.523,0.901,0.104,0.346,0.429,1.029,0.081
4.806399,0.207,0.364,1.137,0.093,0.232,0.318,0.973,0.098
4.966399,0.210,0.374,0.830,0.110,0.264,0.344,1.141,0.076
5.115199,0.202,0.346,0.980,0.115,0.247,0.287,1.113,0.100
5.275199,0.307,0.456,0.730,0.107,0.238,0.289,1.061,0.071
5.435199,0.212,0.287,0.948,0.103,0.275,0.323,0.995,0.083
5.595199,0.222,0.360,0.841,0.100,0.258,0.420,1.036,0.079
5.755199,0.450,0.507,0.881,0.133,0.202,0.419,1.169,0.099
5.915199,0.235,0.273,0.732,0.099,0.282,0.389,0.917,0.076
6.063999,0.220,0.314,0.665,0.102,0.227,0.347,0.979,0.065
6.223999,0.219,0.304,0.720,0.098,0.324,0.534,1.023,0.068
6.383999,0.212,0.285,0.740,0.107,0.305,0.418,1.093,0.073
6.543999,0.202,0.468,1.037,0.085,0.176,0.479,1.010,0.110
6.703999,0.210,0.270,0.685,0.097,0.231,0.416,0.929,0.072
6.863999,0.240,0.231,0.750,0.097,0.312,0.486,0.986,0.072
7.012799,0.179,0.371,0.817,0.105,0.230,0.404,1.053,0.070
7.1727989999999995,0.193,0.402,0.966,0.109,0.169,0.681,1.254,0.089
7.332799,0.250,0.596,0.872,0.099,0.235,0.355,0.997,0.083
7.492799,0.226,0.419,0.862,0.098,0.200,0.361,1.024,0.078
7.652799,0.213,0.442,0.974,0.102,0.265,0.458,1.079,0.099
7.812799,0.203,0.377,0.856,0.103,0.194,0.426,1.081,0.076
7.972799,0.213,0.368,0.720,0.100,0.235,0.231,0.977,0.071
8.121599000000002,0.190,0.479,0.738,0.097,0.326,0.429,0.990,0.067
8.281599,0.171,0.337,0.714,0.091,0.238,0.341,0.924,0.068
8.441599,0.427,0.452,0.689,0.093,0.208,0.377,0.981,0.061
8.601599,0.213,0.257,0.938,0.088,0.231,0.371,0.935,0.074
8.761599,0.268,0.149,0.743,0.090,0.223,0.507,0.914,0.069
8.921599,0.167,0.303,0.879,0.091,0.234,0.454,0.932,0.066
9.070399,0.205,0.483,0.732,0.095,0.193,0.259,0.943,0.067
9.230399,0.183,0.306,0.982,0.093,0.181,0.397,0.954,0.091
9.390399,0.202,0.482,0.700,0.083,0.177,0.375,0.867,0.062
9.550399,0.230,0.436,0.815,0.087,0.265,0.598,0.946,0.065
9.710399,0.287,0.167,0.888,0.094,0.181,0.369,1.038,0.070
9.870399,0.189,0.452,0.892,0.099,0.179,0.307,1.037,0.086
10.019199,0.166,0.360,1.240,0.095,0.169,0.308,1.000,0.115
10.179199,0.160,0.257,0.799,0.088,0.262,0.436,0.901,0.069
10.339199,0.152,0.552,0.648,0.094,0.174,0.279,0.961,0.066
10.499199,0.231,0.412,0.743,0.093,0.175,0.192,0.968,0.071
10.659199000000001,0.135,0.242,0.677,0.090,0.163,0.406,0.956,0.061
10.819199000000001,0.179,0.300,0.958,0.090,0.500,0.581,0.984,0.095
10.979199000000001,0.196,0.224,0.685,0.094,0.221,0.333,0.968,0.063
11.127999,0.203,0.231,0.716,0.086,0.184,0.255,0.920,0.063
11.287999000000001,0.195,0.597,0.745,0.091,0.205,0.302,0.958,0.069
11.447999000000001,0.192,0.638,0.682,0.085,0.147,0.432,0.903,0.059
11.607999000000001,0.128,0.366,0.665,0.081,0.150,0.298,0.944,0.058
11.767999000000001,0.182,0.181,0.846,0.085,0.192,0.234,0.944,0.083
11.927999000000002,0.242,0.174,0.719,0.097,0.202,0.246,1.028,0.061
12.076799000000001,4.524,4.835,0.799,0.088,0.195,0.385,0.974,0.069
12.236799000000001,0.257,0.265,0.921,0.096,0.146,0.347,0.931,0.085
12.396799000000001,0.259,0.295,0.871,0.094,0.270,0.239,1.002,0.086
12.556799,0.256,0.273,0.716,0.078,0.184,0.181,0.827,0.062
12.716799,0.249,0.291,1.140,0.088,0.268,0.124,1.019,0.109
12.876799,0.296,0.337,0.666,0.083,0.230,0.469,0.864,0.072
13.025599000000001,0.260,0.263,0.580,0.078,0.190,0.240,0.825,0.061
13.185599000000002,0.245,0.260,0.558,0.079,0.132,0.307,0.809,0.056
13.345599,0.252,0.277,0.643,0.082,0.171,0.211,0.926,0.062
13.505599,0.263,0.274,0.635,0.076,0.269,0.140,0.861,0.066
13.665599,0.248,0.258,1.006,0.077,0.222,0.281,0.820,0.106
13.825599,0.249,0.267,0.597,0.078,0.220,0.291,0.843,0.054
13.985599,0.257,0.272,0.540,0.083,0.207,0.338,0.841,0.058
14.134399,0.396,0.432,0.732,0.088,0.174,0.318,0.962,0.068
14.294399,0.246,0.277,0.534,0.075,0.166,0.401,0.872,0.057
14.454399,0.250,0.280,0.664,0.075,0.170,0.511,0.821,0.066
14.614399,0.242,0.267,1.106,0.080,0.251,0.466,0.850,0.106
14.774399,0.245,0.265,0.733,0.074,0.232,0.276,0.783,0.079
14.934399,0.248,0.297,0.873,0.069,0.220,0.286,0.724,0.086
15.083199,0.264,0.319,0.782,0.072,0.225,0.301,0.763,0.082
15.243199,0.247,0.284,0.628,0.071,0.219,0.284,0.763,0.066
15.403199,0.238,0.298,0.627,0.072,0.221,0.258,0.769,0.063
15.563199000000001,0.278,0.302,0.573,0.081,0.218,0.267,0.842,0.058
15.723199000000001,0.278,0.351,0.557,0.071,0.198,0.357,0.782,0.051
15.883199000000001,0.256,0.296,0.714,0.071,0.302,0.590,0.810,0.070
16.031999,0.308,0.377,0.660,0.085,0.328,0.264,0.907,0.062
16.191999,0.259,0.290,0.651,0.074,0.272,0.249,0.783,0.069
16.351999,0.207,0.275,1.062,0.066,0.210,0.467,0.709,0.104
16.511999,0.219,0.292,0.567,0.079,0.191,0.437,0.867,0.055
16.671999,0.221,0.265,0.580,0.085,0.247,0.543,0.961,0.057
16.831999,0.211,0.292,0.660,0.070,0.170,0.386,0.756,0.068
16.991999,0.220,0.333,0.629,0.081,0.257,0.177,0.915,0.062
17.140798999999998,0.262,0.580,0.767,0.085,0.219,0.302,0.910,0.079
17.300798999999998,0.240,0.437,0.610,0.082,0.158,0.158,0.918,0.067
17.460798999999998,0.177,0.373,0.673,0.088,0.310,0.088,0.917,0.067
17.620798999999998,0.174,0.267,0.748,0.077,0.232,0.273,0.855,0.073
17.780799,0.184,0.230,0.603,0.085,0.129,0.425,0.930,0.063
17.940799,0.193,0.405,0.605,0.076,0.157,0.465,0.805,0.056
18.089599,0.184,0.402,0.641,0.076,0.159,0.449,0.793,0.054
18.249599,0.209,0.236,0.809,0.085,0.162,0.302,0.885,0.068
18.409599,0.258,0.727,0.806,0.096,0.088,0.530,1.106,0.079
18.569599,0.157,0.361,0.921,0.084,0.102,0.480,0.921,0.096
18.729599,0.271,0.782,0.615,0.080,0.163,0.181,0.924,0.057
18.889599,0.152,0.316,0.686,0.087,0.158,0.236,0.937,0.063
19.038399,0.200,0.234,0.722,0.069,0.122,0.293,0.762,0.059
19.198399,0.164,0.234,0.776,0.075,0.183,0.256,0.853,0.072
19.358399,0.231,0.667,0.703,0.086,0.234,0.414,0.892,0.072
19.518399,0.193,0.275,0.652,0.077,0.160,0.631,0.797,0.066
19.678399,0.177,0.151,0.680,0.076,0.163,0.342,0.859,0.060
19.838399,0.190,0.266,0.658,0.068,0.109,0.382,0.811,0.056
19.998399,0.129,0.461,0.573,0.071,0.115,0.350,0.777,0.054
20.147199,0.252,0.961,0.771,0.069,0.199,0.249,0.817,0.066
20.307199,0.142,0.304,0.643,0.077,0.148,0.736,0.795,0.058
20.467198999999997,0.143,0.261,0.648,0.077,0.091,0.433,0.838,0.061
20.627198999999997,0.157,0.174,0.683,0.076,0.501,0.614,0.868,0.090
20.787198999999998,0.165,0.517,0.667,0.083,0.245,0.293,0.851,0.066
20.947198999999998,0.372,0.198,0.663,0.070,0.257,0.272,0.783,0.057
21.095999,0.144,0.305,0.660,0.075,0.247,0.277,0.768,0.060
21.255999,0.096,0.495,0.621,0.071,0.250,0.281,0.707,0.055
21.415999,0.188,0.158,0.545,0.074,0.246,0.264,0.709,0.052
21.575999,0.368,0.614,0.668,0.071,0.242,0.279,0.767,0.057
21.735999,0.270,1.194,0.594,0.077,0.244,0.260,0.765,0.050
21.895999,0.280,0.692,0.587,0.068,0.243,0.282,0.677,0.049
22.044798999999998,0.168,0.231,0.797,0.069,0.245,0.276,0.770,0.059
22.204798999999998,0.075,0.459,0.565,0.067,0.240,0.277,0.688,0.049
22.364798999999998,0.113,0.369,0.783,0.065,0.235,0.296,0.675,0.057
22.524798999999998,0.309,1.107,0.639,0.071,0.240,0.264,0.689,0.052
22.684798999999998,0.105,0.360,0.619,0.080,0.220,0.283,0.784,0.050
22.844799,0.126,0.253,0.576,0.074,0.224,0.311,0.728,0.048
23.004799,0.171,0.533,0.584,0.083,0.243,0.314,0.821,0.051
23.153599,0.136,0.235,0.713,0.076,0.221,0.321,0.733,0.063
23.313599,0.117,0.757,0.901,0.077,0.219,0.304,0.819,0.077
23.473599,0.136,0.630,0.623,0.073,0.253,0.360,0.767,0.056
23.633599,0.148,0.494,0.631,0.072,0.238,0.318,0.717,0.065
23.793599,0.102,0.496,0.928,0.071,0.229,0.272,0.728,0.086
23.953599,0.131,0.627,0.856,0.070,0.177,0.372,0.735,0.066
24.102399,0.209,1.036,0.751,0.070,0.217,0.369,0.728,0.064
24.262399,0.111,0.321,0.643,0.067,0.347,0.509,0.699,0.050
24.422399,0.107,0.376,0.662,0.063,0.203,0.343,0.681,0.055
24.582399,0.192,0.637,0.726,0.075,0.212,0.503,0.784,0.063
24.742399,0.162,0.734,0.738,0.072,0.369,0.422,0.739,0.054
24.902399,0.259,0.308,0.662,0.062,0.177,0.512,0.687,0.057
25.051199,0.117,0.654,0.675,0.062,0.234,0.490,0.663,0.064
25.211199,0.084,0.460,0.709,0.072,0.204,0.514,0.769,0.057
25.371199,0.102,0.646,0.690,0.085,0.256,0.383,0.874,0.058
25.531198999999997,0.112,0.178,0.695,0.089,0.186,0.323,0.795,0.059
25.691198999999997,0.188,0.198,0.713,0.064,0.171,0.353,0.705,0.057
25.851198999999998,0.116,0.520,0.605,0.070,0.149,0.383,0.774,0.051
26.011198999999998,0.201,0.648,0.646,0.067,0.108,0.277,0.735,0.059
26.159999,0.077,0.727,0.815,0.091,0.096,0.499,1.023,0.071
26.319999,0.130,0.339,0.667,0.072,0.344,0.766,0.769,0.057
26.479999,0.130,0.290,0.894,0.068,0.171,0.359,0.780,0.066
26.639999,0.220,0.297,0.638,0.065,0.107,0.486,0.789,0.058
26.799999,0.115,0.257,0.658,0.072,0.199,0.572,0.738,0.052
26.959999,0.118,0.578,0.665,0.078,0.135,0.389,0.798,0.056
27.108798999999998,0.167,0.255,0.661,0.069,0.135,0.295,0.729,0.054
27.268798999999998,0.138,0.479,0.703,0.069,0.118,0.460,0.773,0.064
27.428798999999998,0.159,0.245,0.652,0.065,0.124,0.306,0.734,0.058
27.588798999999998,0.223,1.019,0.722,0.061,0.172,0.456,0.712,0.057
27.748798999999998,0.112,0.570,0.718,0.064,0.167,0.292,0.704,0.053
27.908799,0.349,1.099,0.697,0.065,0.186,0.791,0.778,0.054
28.057599,0.284,0.295,0.588,0.089,0.123,0.315,0.904,0.053
28.217599,0.293,0.240,0.602,0.094,0.526,0.678,1.002,0.056
28.377599,0.252,0.255,0.601,0.064,0.190,0.294,0.714,0.047
28.537599,0.265,0.268,0.611,0.069,0.181,0.319,0.741,0.053
28.697599,0.255,0.257,0.533,0.064,0.268,0.145,0.681,0.052
28.857599,0.253,0.261,0.565,0.072,0.109,0.404,0.722,0.060
29.006399,0.254,0.255,0.477,0.070,0.217,0.423,0.772,0.046
29.166399,0.252,0.258,0.565,0.069,0.154,0.246,0.704,0.061
29.326399,0.244,0.263,0.550,0.062,0.123,0.777,0.741,0.050
29.486399,0.250,0.249,0.805,0.062,0.176,0.554,0.715,0.071
29.646399,0.247,0.269,0.713,0.060,0.182,0.710,0.686,0.065
29.806399,0.253,0.259,0.596,0.069,0.200,0.298,0.782,0.056
29.966399,0.244,0.273,0.587,0.063,0.153,0.724,0.756,0.054
30.115199,0.244,0.257,0.597,0.058,0.128,0.696,0.736,0.060
30.275199,0.248,0.257,0.507,0.062,0.152,0.901,0.720,0.047
30.435198999999997,0.239,0.268,0.538,0.067,0.102,0.570,0.770,0.048
30.595198999999997,0.243,0.268,0.568,0.059,0.129,0.213,0.668,0.062
30.755198999999998,0.241,0.270,0.502,0.060,0.127,0.303,0.692,0.047
30.915198999999998,0.243,0.266,0.578,0.068,0.139,0.667,0.810,0.055
31.063999,0.233,0.275,0.526,0.061,0.118,0.346,0.750,0.051
31.223999,0.229,0.266,0.583,0.055,0.183,0.852,0.677,0.062
31.383999,0.227,0.280,0.591,0.060,0.207,0.130,0.783,0.059
31.543999,0.226,0.361,0.541,0.062,0.099,0.540,0.739,0.052
31.703999,0.223,0.265,0.480,0.058,0.234,0.147,0.704,0.046
31.863999,0.237,0.243,0.547,0.069,0.130,0.448,0.819,0.050
32.012799,0.205,0.319,0.578,0.061,0.088,0.520,0.761,0.060
32.172799000000005,0.209,0.245,0.598,0.061,0.074,0.377,0.756,0.061
32.332799,0.196,0.235,0.571,0.055,0.079,0.417,0.740,0.054
32.492799000000005,0.155,0.351,0.622,0.069,0.085,0.615,0.802,0.053
32.652799,0.185,0.471,0.600,0.056,0.223,0.332,0.685,0.054
32.812799000000005,0.115,0.563,0.612,0.061,0.131,0.632,0.733,0.049
32.972799,0.157,0.309,0.603,0.074,0.087,0.395,0.803,0.046
33.121599,0.082,0.598,1.063,0.069,1.064,1.025,0.910,0.077
33.281599,0.149,0.476,0.725,0.066,0.252,0.287,0.703,0.063
33.441599000000004,0.153,0.295,0.640,0.076,0.255,0.270,0.786,0.054
33.601599,0.429,2.043,0.644,0.055,0.253,0.259,0.588,0.051
33.761599000000004,0.122,0.379,0.554,0.068,0.255,0.256,0.683,0.045
33.921599,0.155,0.271,0.621,0.054,0.250,0.287,0.541,0.055
34.070399,0.192,0.204,0.552,0.068,0.246,0.280,0.636,0.047
34.230399000000006,0.163,0.769,0.662,0.067,0.248,0.269,0.684,0.048
34.390399,0.169,0.452,0.551,0.068,0.239,0.260,0.632,0.042
34.550399000000006,0.143,0.239,0.639,0.062,0.243,0.327,0.625,0.053
34.710399,0.180,0.226,0.658,0.058,0.248,0.276,0.625,0.059
34.870399,0.131,0.466,0.667,0.088,0.238,0.264,0.836,0.050
35.019199,0.114,0.539,0.588,0.057,0.247,0.275,0.543,0.044
35.179199000000004,0.138,0.472,0.650,0.053,0.243,0.272,0.545,0.045
35.339199,0.106,0.624,0.596,0.058,0.236,0.286,0.578,0.046
35.499199000000004,0.259,0.890,0.611,0.064,0.238,0.291,0.639,0.044
35.659199,0.115,0.411,0.575,0.057,0.234,0.256,0.572,0.045
35.819199000000005,0.069,0.722,0.601,0.060,0.244,0.314,0.639,0.048
35.979199,0.105,0.656,0.935,0.073,0.238,0.288,0.644,0.068
36.127999,0.092,0.519,0.656,0.060,0.231,0.268,0.577,0.044
36.287999,0.292,0.206,0.638,0.059,0.236,0.310,0.632,0.049
36.447999,0.335,0.143,0.603,0.052,0.267,0.270,0.529,0.045
36.607999,0.177,0.811,0.663,0.070,0.237,0.294,0.608,0.051
36.767999,0.112,0.394,0.657,0.059,0.239,0.299,0.562,0.051
36.927999,0.190,0.705,0.706,0.061,0.236,0.265,0.637,0.058
37.076799,0.106,0.613,0.648,0.063,0.229,0.325,0.626,0.048
37.236799000000005,0.116,0.582,0.635,0.070,0.241,0.255,0.760,0.049
37.396799,0.130,0.261,0.708,0.057,0.231,0.302,0.621,0.046
37.556799000000005,0.261,1.053,0.661,0.055,0.230,0.289,0.586,0.050
37.716799,0.120,0.905,0.631,0.053,0.246,0.359,0.587,0.045
37.876799000000005,0.135,0.244,0.609,0.056,0.212,0.347,0.554,0.042
38.025599,0.255,1.084,0.722,0.060,0.228,0.300,0.605,0.055
38.185599,0.114,0.608,0.737,0.069,0.234,0.431,0.676,0.057
38.345599,0.147,0.174,0.700,0.063,0.203,0.335,0.679,0.046
38.505599000000004,0.062,0.666,0.606,0.056,0.219,0.320,0.577,0.051
38.665599,0.071,0.455,0.680,0.054,0.220,0.243,0.560,0.045
38.825599000000004,0.116,0.408,0.744,0.066,0.194,0.444,0.729,0.061
38.985599,0.109,0.361,0.650,0.059,0.191,0.382,0.622,0.046
39.134399,0.405,0.757,0.653,0.055,0.166,0.317,0.616,0.048
39.294399000000006,0.157,0.272,0.654,0.051,0.225,0.279,0.574,0.048
39.454399,0.108,0.181,0.661,0.062,0.169,0.246,0.688,0.047
39.614399000000006,0.108,0.503,0.653,0.058,0.211,0.404,0.671,0.048
39.774399,0.112,0.362,0.811,0.066,0.178,0.490,0.732,0.062
39.934399,0.104,0.271,0.638,0.060,0.265,0.369,0.637,0.048
40.083199,0.114,0.427,0.639,0.069,0.316,0.092,0.753,0.043
40.243199000000004,0.182,0.188,0.664,0.057,0.173,0.627,0.660,0.048
40.403199,0.130,0.334,0.615,0.065,0.116,0.352,0.747,0.045
40.563199000000004,0.112,0.539,0.690,0.061,0.147,0.382,0.675,0.047
40.723199,0.070,0.489,0.678,0.061,0.187,0.127,0.764,0.047
40.883199000000005,0.116,0.384,0.627,0.067,0.171,0.776,0.750,0.051
41.031999,0.084,0.391,0.688,0.068,0.163,0.197,0.779,0.050
41.191999,0.186,1.124,0.727,0.051,0.155,0.207,0.671,0.062
41.351999,0.206,0.275,0.671,0.060,0.161,0.502,0.697,0.054
41.511999,0.101,0.669,0.842,0.056,0.245,0.302,0.627,0.072
41.671999,0.105,0.392,0.690,0.062,0.242,0.251,0.661,0.046
41.831999,0.076,0.460,0.649,0.055,0.195,0.322,0.703,0.052
41.991999,0.120,0.826,0.614,0.062,0.168,0.455,0.693,0.046
42.140799,0.562,0.127,0.660,0.057,0.157,0.481,0.750,0.053
42.300799000000005,0.195,0.277,0.620,0.059,0.128,0.566,0.690,0.053
42.460799,0.125,0.418,0.771,0.060,0.186,0.198,0.750,0.056
42.620799000000005,0.105,0.354,0.771,0.074,0.121,0.560,0.791,0.063
42.780799,0.148,0.200,0.635,0.065,0.098,0.503,0.778,0.045
42.940799000000005,0.106,0.537,0.735,0.058,0.108,0.450,0.702,0.050
43.089599,0.135,0.707,0.722,0.061,0.235,0.754,0.731,0.051
43.249599,0.119,0.523,0.844,0.061,0.135,0.611,0.734,0.075
43.409599,0.107,0.355,0.667,0.056,0.159,0.573,0.675,0.054
43.569599000000004,0.112,0.700,0.699,0.059,0.158,0.246,0.727,0.081
43.729599,0.113,0.287,0.801,0.056,0.132,0.262,0.747,0.072
43.889599000000004,0.252,0.782,0.622,0.063,0.211,0.512,0.778,0.045
44.038399000000005,0.086,0.710,1.029,0.124,0.147,0.313,1.416,0.102
44.198399,0.089,0.621,0.678,0.079,0.177,0.721,0.945,0.051
44.358399000000006,0.066,0.421,0.783,0.116,0.264,0.719,1.137,0.054
44.518399,0.204,0.118,0.707,0.068,0.132,0.332,0.792,0.053
44.678399000000006,0.282,1.146,0.692,0.071,0.182,0.923,0.794,0.047
44.838399,0.096,0.314,0.732,0.067,0.161,0.257,0.845,0.051
44.998399,0.206,1.021,0.691,0.058,0.139,0.215,0.711,0.056
45.147199,0.116,0.462,0.763,0.065,0.148,0.394,0.803,0.060
45.307199000000004,0.182,0.971,0.702,0.069,0.130,0.476,0.807,0.058
45.467199,0.146,0.439,0.714,0.070,0.185,0.179,0.821,0.049
45.627199000000005,0.200,1.034,0.710,0.065,0.095,0.306,0.805,0.060
45.787199,0.122,0.620,0.682,0.058,0.147,0.338,0.718,0.050
45.947199000000005,0.243,1.199,0.671,0.052,0.271,0.309,0.630,0.049
46.095999,0.245,0.081,0.713,0.069,0.218,0.252,0.730,0.054
46.255999,0.144,0.721,0.777,0.061,0.095,0.380,0.746,0.056
46.415999,0.101,0.435,0.638,0.059,0.102,0.365,0.744,0.048
46.575999,0.080,0.458,0.724,0.059,0.141,0.321,0.689,0.052
46.735999,0.249,0.114,0.687,0.058,0.114,0.437,0.797,0.050
46.895999,0.134,0.715,0.657,0.061,0.105,0.711,0.741,0.051
47.044799000000005,0.430,1.816,0.704,0.064,0.161,0.183,0.821,0.052
47.204799,0.110,0.290,0.653,0.062,0.170,0.250,0.772,0.051
47.364799000000005,0.083,0.601,0.670,0.060,0.091,0.411,0.747,0.047
47.524799,0.143,0.257,0.644,0.060,0.164,0.484,0.747,0.053
47.684799000000005,0.120,0.929,0.637,0.062,0.158,0.236,0.752,0.048
47.844799,0.072,0.368,0.683,0.062,0.289,0.108,0.757,0.053
48.004799000000006,0.106,0.295,0.632,0.057,0.117,0.283,0.726,0.050
48.153599,0.139,0.227,0.629,0.055,0.137,0.245,0.724,0.044
48.313599,0.130,0.286,0.619,0.059,0.126,0.373,0.760,0.046
48.473599,0.111,0.320,0.698,0.059,0.163,0.158,0.715,0.052
48.633599000000004,0.082,0.350,0.722,0.066,0.168,0.134,0.810,0.061
48.793599,2.415,2.549,0.665,0.059,0.154,0.492,0.716,0.049
48.953599000000004,0.199,0.336,0.577,0.058,0.333,1.169,0.791,0.048
49.102399000000005,0.132,0.423,0.641,0.067,0.124,0.333,0.779,0.047
49.262399,0.128,0.643,0.677,0.058,0.192,0.217,0.667,0.056
49.422399000000006,0.100,0.730,0.615,0.060,0.129,0.306,0.727,0.048
49.582399,0.101,0.275,0.719,0.058,0.045,0.965,0.754,0.050
49.742399000000006,0.110,0.504,0.766,0.058,0.236,0.112,0.789,0.060
49.902399,0.179,0.196,0.671,0.066,0.257,1.199,0.754,0.054
50.051199000000004,0.276,0.066,0.641,0.057,0.119,0.473,0.694,0.052
50.211199,0.033,0.540,0.711,0.070,0.186,0.101,1.052,0.078
50.371199000000004,0.100,0.377,0.694,0.071,0.261,0.393,0.766,0.052
50.531199,0.075,0.453,0.656,0.059,0.157,0.186,0.726,0.053
50.691199000000005,0.157,0.142,0.734,0.067,0.144,0.231,0.774,0.054
50.851199,0.095,0.702,0.645,0.057,0.117,0.367,0.747,0.050
51.011199000000005,0.087,0.742,0.644,0.061,0.174,0.535,0.783,0.046
51.159999,0.216,0.971,0.719,0.065,0.089,0.608,0.809,0.053
51.319999,0.178,0.969,0.695,0.062,0.073,0.344,0.762,0.053
51.479999,0.056,0.705,0.658,0.065,0.125,0.280,0.766,0.049
51.639999,0.093,0.439,0.669,0.054,0.179,0.742,0.684,0.053
51.799999,0.124,0.335,0.662,0.062,0.160,0.178,0.794,0.052
51.959999,0.104,0.710,0.664,0.061,0.169,0.130,0.763,0.051
52.108799000000005,0.076,0.512,0.662,0.060,0.066,0.553,0.709,0.052
52.268799,0.098,0.554,0.710,0.057,0.244,0.094,0.720,0.051
52.428799000000005,0.070,0.761,0.675,0.057,0.243,0.232,0.650,0.058
52.588799,0.090,0.467,0.658,0.057,0.261,0.264,0.630,0.047
52.748799000000005,0.277,0.101,0.680,0.062,0.261,0.264,0.726,0.052
52.908799,0.115,0.365,0.661,0.052,0.247,0.255,0.556,0.050
53.057599,0.119,0.226,0.647,0.058,0.253,0.270,0.574,0.049
53.217599,0.139,0.973,0.749,0.056,0.255,0.291,0.575,0.054
53.377599000000004,0.124,0.633,0.633,0.060,0.254,0.270,0.624,0.047
53.537599,0.090,0.335,0.698,0.057,0.247,0.273,0.597,0.044
53.697599000000004,0.114,0.343,0.658,0.059,0.250,0.272,0.614,0.045
53.857599,0.636,2.098,0.638,0.052,0.243,0.259,0.539,0.045
54.006399,0.315,0.106,0.628,0.054,0.252,0.252,0.552,0.043
54.166399000000006,0.083,0.401,0.669,0.055,0.249,0.263,0.575,0.049
54.326399,0.127,0.354,0.750,0.062,0.250,0.277,0.620,0.051
54.486399000000006,0.087,0.428,0.615,0.057,0.243,0.268,0.539,0.042
54.646399,0.061,0.537,0.647,0.052,0.246,0.271,0.524,0.045
54.806399,0.442,0.750,0.638,0.054,0.248,0.262,0.557,0.044
54.966399,0.103,0.858,0.733,0.053,0.260,0.249,0.533,0.053
55.115199000000004,0.087,0.369,0.742,0.062,0.245,0.258,0.637,0.061
55.275199,0.104,0.663,0.671,0.053,0.248,0.285,0.542,0.052
55.435199000000004,0.244,0.114,0.658,0.055,0.242,0.285,0.618,0.043
55.595199,0.093,0.555,0.628,0.050,0.250,0.266,0.559,0.042
55.755199000000005,0.124,0.254,0.659,0.057,0.258,0.303,0.550,0.047
55.915199,0.105,0.441,0.673,0.054,0.250,0.240,0.546,0.052
56.063999,0.072,0.486,0.683,0.055,0.251,0.285,0.581,0.053
56.223999,0.081,0.487,0.686,0.052,0.245,0.247,0.522,0.043
56.383999,0.087,0.679,0.742,0.058,0.257,0.241,0.569,0.052
56.543999,0.088,0.495,0.680,0.050,0.248,0.256,0.509,0.052
56.703999,0.167,0.571,0.643,0.064,0.260,0.317,0.616,0.042
56.863999,0.174,1.087,0.620,0.057,0.247,0.273,0.586,0.045
57.012799,0.107,0.671,0.697,0.058,0.235,0.264,0.559,0.053
57.172799000000005,0.209,0.221,0.688,0.054,0.235,0.241,0.542,0.052
57.332799,0.202,0.124,0.664,0.052,0.242,0.290,0.517,0.042
57.492799000000005,0.082,0.583,0.645,0.056,0.243,0.258,0.573,0.043
57.652799,0.133,0.208,0.644,0.053,0.247,0.235,0.530,0.044
57.812799000000005,0.095,0.383,0.619,0.064,0.234,0.289,0.624,0.043
57.972799,0.120,0.329,0.701,0.059,0.239,0.309,0.597,0.056
58.121599,0.104,0.561,0.735,0.050,0.232,0.287,0.548,0.048
58.281599,0.191,0.179,0.673,0.056,0.246,0.295,0.595,0.042
58.441599000000004,0.255,1.282,0.607,0.055,0.243,0.326,0.547,0.042
58.601599,0.127,0.217,0.697,0.065,0.247,0.288,0.638,0.046
58.761599000000004,0.070,0.623,0.788,0.061,0.291,0.254,0.640,0.057
58.921599,0.249,0.295,0.653,0.052,0.237,0.298,0.556,0.048
59.070399,0.136,0.352,0.684,0.053,0.238,0.280,0.578,0.052
59.230399000000006,0.097,0.579,0.632,0.048,0.209,0.295,0.501,0.044
59.390399,0.081,0.644,0.651,0.053,0.233,0.550,0.606,0.043
59.550399000000006,0.090,0.428,0.673,0.054,0.456,0.709,0.633,0.044
59.710399,0.077,0.419,0.628,0.060,0.176,0.280,0.667,0.046
59.870399,0.136,1.382,0.688,0.051,0.207,0.503,0.605,0.046
60.019199,0.075,0.687,0.698,0.055,0.184,0.320,0.682,0.048
60.179199000000004,0.065,0.434,0.660,0.065,0.156,0.474,0.703,0.049
60.339199,0.083,0.448,0.675,0.052,0.132,0.388,0.615,0.049
60.499199000000004,0.096,0.409,0.650,0.049,0.182,0.336,0.587,0.044
60.659199,0.108,0.275,0.606,0.050,0.198,0.263,0.614,0.040
60.819199000000005,0.321,1.691,0.709,0.054,0.116,0.330,0.631,0.048
60.979199,0.092,0.320,0.697,0.052,0.193,0.674,0.664,0.050
61.127999,0.080,0.657,0.613,0.060,0.114,0.328,0.690,0.043
61.287999,0.194,0.211,0.654,0.070,0.142,0.650,0.778,0.043
61.447999,0.058,0.501,0.729,0.049,0.186,0.383,0.596,0.059
61.607999,0.109,0.256,0.656,0.059,0.101,0.317,0.747,0.047
61.767999,0.144,0.250,0.685,0.051,0.141,0.252,0.645,0.053
61.927999,0.138,0.228,0.705,0.059,0.145,0.394,0.717,0.053
62.076799,0.103,0.436,0.662,0.062,0.191,0.129,0.747,0.042
62.236799000000005,0.110,0.714,0.683,0.057,0.087,0.324,0.692,0.048
62.396799,0.118,0.248,0.734,0.063,0.117,0.408,0.769,0.049
62.556799000000005,0.108,0.412,0.655,0.061,0.303,0.131,0.768,0.050
62.716799,0.069,0.554,0.698,0.056,0.126,0.239,0.683,0.046
62.876799000000005,0.098,0.820,0.631,0.061,0.192,0.753,0.721,0.044
63.025599,0.092,0.764,0.692,0.062,0.156,0.543,0.746,0.053
63.185599,0.095,0.310,0.628,0.060,0.120,0.636,0.732,0.042
63.345599,0.089,0.560,0.636,0.060,0.117,0.260,0.735,0.046
63.505599000000004,0.113,0.865,0.629,0.055,0.072,0.417,0.708,0.043
63.665599,0.090,0.665,0.634,0.059,0.198,0.573,0.671,0.048
63.825599000000004,0.099,0.626,0.639,0.070,0.204,0.754,0.747,0.047
63.985599,0.212,0.138,0.633,0.057,0.179,0.091,0.696,0.045
64.134399,0.129,1.013,0.670,0.063,0.099,0.461,0.729,0.048
64.294399,0.096,0.431,0.686,0.063,0.189,0.812,0.774,0.050
64.45439900000001,0.255,1.399,0.704,0.058,0.139,0.406,0.694,0.048
64.614399,0.050,0.908,0.706,0.067,0.110,0.410,0.771,0.055
64.774399,0.092,0.822,0.656,0.058,0.222,0.758,0.692,0.048
64.934399,0.054,0.525,0.666,0.052,0.054,0.301,0.639,0.047
65.08319900000001,0.073,0.560,0.613,0.062,0.133,0.219,0.749,0.044
65.243199,0.080,0.730,0.777,0.071,0.146,0.766,0.793,0.073
65.403199,0.051,0.484,0.748,0.060,0.069,0.373,0.725,0.055
65.563199,0.074,0.486,0.661,0.057,0.157,0.583,0.671,0.049
65.72319900000001,0.377,0.555,0.626,0.052,0.147,0.297,0.695,0.042
65.883199,0.186,0.363,0.614,0.061,0.181,0.295,0.727,0.049
66.031999,0.125,0.375,0.594,0.065,0.094,0.298,0.719,0.044
66.191999,0.082,0.446,0.601,0.054,0.121,0.266,0.686,0.045
66.351999,0.078,0.410,0.670,0.061,1.750,1.687,0.712,0.052
66.511999,0.091,0.372,0.650,0.061,0.236,0.313,0.628,0.046
66.671999,0.079,0.463,0.649,0.060,0.229,0.266,0.611,0.051
66.831999,0.120,0.815,0.745,0.056,0.164,0.408,0.662,0.055
66.991999,0.084,0.430,0.684,0.058,0.176,0.340,0.632,0.049
67.140799,0.089,0.413,0.657,0.055,0.130,0.506,0.675,0.047
67.300799,0.214,0.234,0.638,0.055,0.116,0.317,0.655,0.048
67.46079900000001,0.183,0.285,0.575,0.056,0.107,0.402,0.664,0.046
67.620799,0.139,0.537,0.582,0.068,0.145,0.250,0.719,0.046
67.780799,0.100,0.475,0.708,0.063,0.120,0.418,0.780,0.056
67.940799,0.115,0.622,0.642,0.059,0.111,0.541,0.732,0.045
68.089599,0.103,0.445,0.621,0.072,0.104,0.512,0.791,0.045
68.249599,0.182,0.184,0.664,0.061,0.098,0.596,0.718,0.047
68.409599,0.067,0.544,0.675,0.062,0.141,0.651,0.690,0.062
68.569599,0.087,0.732,0.623,0.057,0.129,0.317,0.712,0.046
68.72959900000001,0.062,0.765,0.641,0.057,0.077,0.436,0.715,0.045
68.889599,0.069,0.506,0.663,0.056,0.204,0.163,0.637,0.045
69.038399,0.061,0.418,0.666,0.056,0.133,0.354,0.658,0.042
69.19839900000001,0.124,0.323,0.637,0.059,0.113,0.363,0.737,0.047
69.358399,0.288,0.101,0.659,0.064,0.104,0.355,0.765,0.046
69.518399,0.120,0.773,0.647,0.058,0.102,0.332,0.688,0.050
69.678399,0.080,0.877,0.647,0.060,0.169,0.520,0.725,0.046
69.83839900000001,0.112,0.256,0.669,0.071,0.295,0.647,0.841,0.048
69.998399,0.080,0.327,0.629,0.056,0.076,0.346,0.665,0.043
70.147199,0.281,1.369,0.647,0.061,0.067,0.185,0.740,0.045
70.307199,0.050,0.587,0.637,0.052,0.142,0.180,0.654,0.045
70.46719900000001,0.055,0.534,0.627,0.058,4.138,3.656,0.711,0.052
70.627199,0.107,0.548,0.664,0.063,0.252,0.295,0.657,0.049
70.787199,0.058,0.649,0.597,0.052,0.244,0.291,0.537,0.043
70.947199,0.048,0.512,0.666,0.056,0.247,0.300,0.561,0.057
71.095999,0.094,0.703,0.641,0.062,0.244,0.265,0.637,0.045
71.255999,0.660,0.073,0.691,0.064,0.250,0.241,0.618,0.044
71.415999,0.089,0.269,0.642,0.063,0.250,0.282,0.606,0.051
71.575999,0.084,0.808,0.626,0.058,0.249,0.264,0.556,0.046
71.735999,0.119,1.065,0.609,0.060,0.254,0.245,0.593,0.040
71.895999,0.075,0.381,0.639,0.059,0.249,0.262,0.531,0.043
72.044799,0.058,0.553,0.719,0.053,0.256,0.273,0.584,0.050
72.20479900000001,0.253,0.153,0.598,0.063,0.249,0.222,0.561,0.039
72.364799,0.056,0.632,0.615,0.056,0.249,0.296,0.561,0.044
72.524799,0.114,0.333,0.617,0.057,0.243,0.275,0.518,0.044
72.684799,0.089,0.968,0.622,0.063,0.251,0.277,0.555,0.041
72.84479900000001,0.125,0.264,0.677,0.058,0.257,0.271,0.542,0.053
73.004799,0.081,0.666,0.568,0.054,0.244,0.242,0.513,0.037
73.153599,0.106,0.543,0.653,0.061,0.245,0.272,0.556,0.047
73.313599,0.104,0.956,0.581,0.054,0.253,0.270,0.552,0.042
73.47359900000001,0.066,0.515,0.663,0.057,0.250,0.266,0.558,0.041
73.633599,0.113,0.862,0.583,0.052,0.258,0.274,0.492,0.039
73.793599,0.080,0.910,0.604,0.055,0.252,0.251,0.533,0.042
73.953599,0.042,0.478,0.610,0.055,0.253,0.275,0.529,0.042
74.102399,0.293,0.142,0.576,0.057,0.241,0.274,0.545,0.038
74.262399,0.081,0.930,0.620,0.063,0.245,0.302,0.559,0.044
74.422399,0.062,0.631,0.604,0.054,0.247,0.306,0.526,0.040
74.58239900000001,0.045,0.672,0.629,0.049,0.243,0.279,0.483,0.043
74.742399,0.079,0.384,0.599,0.054,0.242,0.255,0.525,0.042
74.902399,0.088,0.708,0.641,0.057,0.302,0.336,0.594,0.045
75.051199,0.086,0.766,0.652,0.052,0.258,0.255,0.539,0.046
75.21119900000001,0.100,0.311,0.692,0.067,0.301,0.263,0.634,0.053
75.371199,0.064,0.451,0.645,0.052,0.248,0.268,0.581,0.040
75.531199,0.060,0.631,0.624,0.057,0.239,0.324,0.582,0.041
75.691199,0.067,0.316,0.689,0.062,0.226,0.298,0.583,0.051
75.85119900000001,0.145,0.993,0.600,0.058,0.223,0.329,0.566,0.042
76.011199,0.059,0.541,0.777,0.050,0.233,0.299,0.553,0.051
76.159999,0.091,0.306,0.623,0.057,0.190,0.328,0.586,0.041
76.319999,0.121,0.217,0.614,0.057,0.196,0.582,0.620,0.058
76.479999,0.062,0.478,0.669,0.051,0.182,0.301,0.595,0.043
76.639999,0.127,0.229,0.678,0.057,0.244,0.344,0.628,0.047
76.799999,0.117,0.288,0.586,0.057,0.196,0.462,0.675,0.040
76.959999,0.069,0.440,0.676,0.056,0.149,0.580,0.642,0.050
77.108799,0.112,0.350,0.724,0.050,0.191,0.159,0.629,0.053
77.268799,0.062,0.653,0.640,0.053,0.107,0.380,0.623,0.049
77.428799,0.063,0.488,0.659,0.056,0.117,0.356,0.645,0.048
77.58879900000001,0.051,0.583,0.601,0.057,0.248,0.790,0.654,0.042
77.748799,0.081,0.596,0.602,0.058,0.162,0.143,0.723,0.047
77.908799,0.149,0.242,0.590,0.057,0.118,0.589,0.667,0.042
78.057599,0.046,0.597,0.583,0.056,0.075,0.444,0.634,0.041
78.217599,0.088,0.364,0.610,0.062,0.238,0.459,0.678,0.044
78.377599,0.088,0.342,0.603,0.054,0.122,0.199,0.667,0.044
78.537599,0.064,0.593,0.633,0.059,0.173,0.737,0.698,0.044
78.697599,0.131,0.944,0.624,0.056,0.163,0.172,0.671,0.042
78.85759900000001,0.043,0.460,0.702,0.057,0.153,0.707,0.729,0.049
79.006399,0.058,0.502,0.660,0.071,0.191,0.136,0.751,0.045
79.166399,0.049,0.615,0.657,0.057,0.102,0.330,0.668,0.043
79.32639900000001,0.085,0.430,0.637,0.053,0.128,0.199,0.644,0.042
79.486399,0.113,0.234,0.685,0.055,0.166,0.446,0.668,0.048
79.646399,0.097,0.792,0.709,0.057,0.108,0.456,0.669,0.052
79.806399,0.062,0.623,0.682,0.060,0.172,0.221,0.687,0.052
79.966399,0.082,0.636,0.620,0.062,0.221,0.817,0.700,0.044
80.115199,0.063,0.419,0.623,0.065,0.114,0.415,0.676,0.042
80.275199,0.278,1.795,0.640,0.062,0.108,0.799,0.728,0.049
80.435199,0.060,0.564,0.630,0.051,0.152,0.218,0.636,0.045
80.59519900000001,0.119,0.798,0.602,0.064,0.158,0.189,0.748,0.044
80.755199,0.068,0.534,0.586,0.054,0.175,0.170,0.694,0.041
80.915199,0.067,0.681,0.623,0.061,0.158,0.353,0.700,0.044
81.063999,0.077,0.953,0.626,0.066,0.136,0.683,0.781,0.044
81.223999,0.057,0.543,0.621,0.056,0.143,0.234,0.618,0.043
81.383999,0.064,0.514,0.591,0.058,0.159,0.206,0.691,0.040
81.543999,0.088,0.914,0.631,0.056,0.135,0.283,0.656,0.048
81.703999,0.095,0.395,0.644,0.056,0.201,0.487,0.680,0.040
81.863999,0.054,0.754,0.656,0.053,0.122,0.367,0.645,0.044
82.012799,0.198,1.355,0.702,0.056,0.208,0.134,0.701,0.053
82.172799,0.065,0.747,0.612,0.057,0.158,0.485,0.641,0.041
82.33279900000001,0.043,0.778,0.762,0.065,0.421,0.485,0.784,0.058
82.492799,0.113,0.318,0.622,0.059,0.259,0.246,0.618,0.046
82.652799,0.047,0.570,0.606,0.057,0.253,0.278,0.592,0.052
82.812799,0.039,0.743,0.682,0.048,0.259,0.251,0.516,0.048
82.97279900000001,0.054,0.667,0.663,0.059,0.247,0.274,0.590,0.047
83.121599,0.060,0.550,0.784,0.053,0.254,0.243,0.540,0.071
83.281599,0.129,0.911,0.671,0.058,0.247,0.249,0.568,0.045
83.441599,0.140,0.956,0.595,0.052,0.250,0.290,0.518,0.041
83.60159900000001,0.069,0.462,0.665,0.059,0.241,0.292,0.598,0.044
83.761599,0.068,0.597,0.636,0.055,0.251,0.255,0.541,0.043
83.921599,0.093,0.484,0.605,0.074,0.237,0.257,0.640,0.041
84.07039900000001,0.065,0.429,0.675,0.059,0.244,0.279,0.600,0.050
84.230399,0.059,0.809,0.578,0.063,0.242,0.261,0.596,0.040
84.390399,0.162,0.238,0.611,0.061,0.249,0.284,0.569,0.040
84.550399,0.263,0.416,0.714,0.087,0.211,0.351,0.761,0.050
84.71039900000001,0.277,0.261,0.642,0.064,0.259,0.200,0.627,0.053
84.870399,0.261,0.281,0.514,0.053,0.226,0.262,0.535,0.041
85.019199,0.249,0.276,0.561,0.063,0.241,0.229,0.615,0.044
85.179199,0.260,0.274,0.500,0.061,0.214,0.242,0.588,0.040
85.33919900000001,0.263,0.257,0.505,0.058,0.237,0.301,0.600,0.042
85.499199,0.246,0.290,0.557,0.053,0.144,0.257,0.632,0.050
85.659199,0.249,0.270,0.536,0.050,0.072,0.295,0.620,0.045
85.819199,0.254,0.244,0.512,0.051,0.128,0.239,0.627,0.041
85.97919900000001,0.251,0.265,0.461,0.066,0.126,0.535,0.681,0.043
86.127999,0.254,0.269,0.547,0.054,0.192,0.118,0.647,0.048
86.287999,0.252,0.251,0.461,0.052,0.074,0.394,0.602,0.039
86.447999,0.251,0.266,0.488,0.050,0.173,0.105,0.595,0.040
86.607999,0.254,0.261,0.497,0.057,0.107,0.217,0.664,0.043
86.767999,0.251,0.260,0.533,0.058,0.119,0.477,0.652,0.043
86.927999,0.248,0.269,0.495,0.052,0.075,0.369,0.625,0.045
87.07679900000001,0.249,0.262,0.459,0.052,0.072,0.464,0.593,0.041
87.236799,0.252,0.272,0.462,0.062,0.320,0.226,0.697,0.041
87.396799,0.250,0.275,0.479,0.049,0.138,0.220,0.553,0.045
87.556799,0.249,0.270,0.524,0.062,0.148,0.355,0.706,0.042
87.71679900000001,0.251,0.262,0.549,0.051,0.106,0.563,0.630,0.045
87.876799,0.250,0.262,0.501,0.055,0.125,0.230,0.617,0.044
88.025599,0.255,0.270,0.608,0.064,0.176,0.392,0.691,0.058
88.185599,0.248,0.248,0.474,0.053,0.135,0.167,0.623,0.041
88.345599,0.246,0.257,0.466,0.054,0.113,0.561,0.625,0.041
88.505599,0.253,0.265,0.499,0.050,0.116,0.189,0.615,0.043
88.665599,0.253,0.299,0.521,0.057,0.122,0.524,0.620,0.049
88.825599,0.251,0.290,0.487,0.052,0.114,0.339,0.619,0.039
88.98559900000001,0.249,0.269,0.494,0.058,0.079,0.421,0.647,0.041
89.134399,0.251,0.285,0.503,0.054,0.151,0.340,0.643,0.046
89.294399,0.251,0.258,0.477,0.057,0.127,0.291,0.686,0.040
89.45439900000001,0.248,0.275,0.499,0.049,0.064,0.480,0.593,0.047
89.614399,0.252,0.275,0.470,0.053,0.192,0.524,0.610,0.043
89.774399,0.247,0.255,0.510,0.051,0.081,0.511,0.608,0.049
89.934399,0.244,0.263,0.493,0.049,0.393,0.036,0.653,0.044
90.08319900000001,0.259,0.283,0.459,0.045,0.248,0.274,0.533,0.040
90.243199,0.248,0.272,0.439,0.045,0.139,0.410,0.536,0.038
90.403199,0.245,0.264,0.449,0.056,0.084,0.397,0.659,0.042
90.563199,0.254,0.282,0.452,0.050,0.159,0.156,0.612,0.041
90.72319900000001,0.240,0.267,0.443,0.060,0.123,0.408,0.722,0.038
90.883199,0.262,0.302,0.493,0.051,0.073,0.301,0.622,0.045
91.031999,0.243,0.289,0.471,0.047,0.172,0.559,0.583,0.041
91.191999,0.256,0.291,0.481,0.049,0.108,0.559,0.590,0.045
91.351999,0.255,0.279,0.464,0.053,0.120,0.580,0.626,0.037
91.511999,0.250,0.270,0.439,0.050,0.068,0.445,0.599,0.040
91.671999,0.243,0.294,0.477,0.051,0.102,0.279,0.621,0.043
91.831999,0.239,0.256,0.481,0.052,0.158,0.130,0.662,0.043
91.991999,0.246,0.271,0.522,0.054,0.102,0.565,0.627,0.050
92.140799,0.248,0.277,0.443,0.052,0.157,0.219,0.631,0.041
92.300799,0.247,0.274,0.483,0.045,0.095,0.327,0.543,0.042
92.46079900000001,0.235,0.265,0.509,0.045,0.104,0.367,0.542,0.051
92.620799,0.256,0.268,0.525,0.047,0.157,0.283,0.570,0.042
92.780799,0.242,0.261,0.595,0.044,0.105,0.510,0.566,0.059
92.940799,0.247,0.273,0.450,0.048,0.090,0.287,0.609,0.039
93.089599,0.248,0.303,0.505,0.050,0.155,0.278,0.613,0.045
93.249599,0.241,0.274,0.490,0.047,0.084,0.432,0.546,0.043
93.409599,0.249,0.257,0.477,0.055,0.112,0.342,0.678,0.038
93.569599,0.233,0.268,0.457,0.050,0.125,0.203,0.609,0.047
93.72959900000001,0.249,0.319,0.503,0.053,0.105,0.432,0.628,0.044
93.889599,0.234,0.274,0.462,0.051,0.110,0.516,0.625,0.039
94.038399,0.231,0.274,0.462,0.049,0.088,0.522,0.566,0.039
94.19839900000001,0.243,0.258,0.521,0.044,0.167,0.562,0.578,0.042
94.358399,0.246,0.332,0.500,0.059,0.114,0.212,0.727,0.044
94.518399,0.235,0.304,0.496,0.053,0.190,0.157,0.638,0.043
94.678399,0.235,0.331,0.457,0.050,0.179,0.162,0.611,0.040
94.83839900000001,0.241,0.314,0.505,0.058,0.144,0.332,0.636,0.042
94.998399,0.209,0.258,0.498,0.051,0.101,0.544,0.621,0.044
95.147199,0.210,0.276,0.518,0.049,0.082,0.227,0.595,0.044
95.307199,0.261,0.272,0.550,0.046,0.124,0.288,0.598,0.046
95.46719900000001,0.217,0.320,0.536,0.054,0.100,0.494,0.606,0.049
95.627199,0.213,0.388,0.515,0.057,0.095,0.612,0.709,0.039
95.787199,0.208,0.371,0.484,0.056,0.117,0.544,0.654,0.040
95.947199,0.326,0.827,0.510,0.053,0.089,0.382,0.612,0.040
96.095999,0.191,0.346,0.609,0.054,0.112,0.798,0.618,0.042
96.255999,0.169,0.516,0.565,0.053,0.090,0.569,0.667,0.039
96.415999,0.112,0.387,0.557,0.048,0.134,0.567,0.603,0.042
96.575999,0.205,0.333,0.600,0.053,0.089,0.374,0.622,0.050
96.735999,0.108,0.692,0.583,0.047,0.130,0.237,0.602,0.040
96.895999,0.103,0.375,0.556,0.050,0.096,0.263,0.600,0.040
97.044799,0.088,0.358,0.549,0.055,0.287,1.139,0.615,0.040
97.20479900000001,0.066,0.541,0.569,0.051,0.093,0.383,0.631,0.043
97.364799,0.209,0.166,0.656,0.059,0.205,1.053,0.727,0.045
97.524799,0.037,0.508,0.849,0.105,0.231,0.255,0.756,0.052
97.684799,0.061,0.585,0.709,0.073,0.253,0.301,0.676,0.048
97.84479900000001,0.098,0.994,0.842,0.065,0.250,0.270,0.608,0.069
98.004799,0.083,0.433,0.677,0.066,0.248,0.283,0.551,0.049
98.153599,0.073,0.440,0.705,0.061,0.260,0.251,0.601,0.052
98.313599,0.053,0.698,0.675,0.060,0.252,0.234,0.538,0.044
98.47359900000001,0.091,0.312,0.572,0.058,0.248,0.267,0.676,0.041
98.633599,0.061,0.582,0.690,0.061,0.257,0.245,0.569,0.045
98.793599,0.064,0.543,0.615,0.061,0.245,0.270,0.642,0.055
98.953599,0.060,0.871,0.606,0.054,0.253,0.266,0.521,0.040
99.102399,0.051,0.475,0.614,0.053,0.244,0.266,0.496,0.045
99.262399,0.124,0.830,0.593,0.056,0.247,0.256,0.513,0.041
99.422399,0.051,0.593,0.590,0.051,0.251,0.246,0.466,0.041
99.58239900000001,0.070,0.552,0.727,0.056,0.254,0.278,0.541,0.049
99.742399,0.042,0.610,0.605,0.053,0.252,0.262,0.481,0.041
99.902399,0.074,0.743,0.656,0.060,0.249,0.267,0.579,0.049
100.051199,0.053,0.489,0.596,0.058,0.249,0.261,0.551,0.040
100.21119900000001,0.185,1.202,0.617,0.053,0.251,0.263,0.503,0.044
100.371199,0.046,0.680,0.636,0.053,0.250,0.258,0.489,0.045
100.531199,0.050,0.565,0.595,0.058,0.251,0.277,0.560,0.040
100.691199,0.127,0.266,0.646,0.050,0.257,0.260,0.481,0.043
100.85119900000001,0.026,0.804,0.615,0.051,0.245,0.252,0.485,0.041
101.011199,0.074,0.451,0.568,0.061,0.250,0.263,0.542,0.037
101.159999,0.116,0.286,0.611,0.049,0.249,0.255,0.450,0.039
101.319999,0.105,0.877,0.642,0.058,0.271,0.248,0.502,0.044
101.479999,0.053,0.512,0.611,0.051,0.251,0.250,0.471,0.043
101.639999,0.195,0.470,0.608,0.054,0.244,0.267,0.548,0.040
101.799999,0.073,0.572,0.622,0.054,0.251,0.282,0.546,0.046
101.959999,0.082,0.789,0.594,0.053,0.247,0.276,0.493,0.037
102.108799,0.103,1.112,0.604,0.054,0.255,0.278,0.530,0.042
102.268799,0.133,0.243,0.594,0.056,0.249,0.257,0.545,0.042
102.428799,0.062,0.529,0.585,0.050,0.245,0.274,0.490,0.039
102.58879900000001,0.329,1.424,0.569,0.053,0.250,0.291,0.491,0.038
102.748799,0.102,0.296,0.619,0.050,0.268,0.252,0.507,0.040
102.908799,0.070,0.551,0.563,0.054,0.237,0.280,0.516,0.038
103.057599,0.044,0.558,0.601,0.052,0.248,0.255,0.482,0.038
103.217599,0.051,0.645,0.571,0.045,0.250,0.303,0.455,0.038
103.377599,0.064,0.573,0.635,0.048,0.252,0.269,0.465,0.043
103.537599,0.073,0.557,0.626,0.056,0.248,0.302,0.512,0.042
103.697599,0.046,0.561,0.600,0.055,0.251,0.254,0.466,0.040
103.85759900000001,0.061,0.537,0.631,0.061,0.240,0.268,0.590,0.048
104.006399,0.073,0.427,0.633,0.055,0.273,0.316,0.497,0.041
104.166399,0.052,0.456,0.631,0.060,0.254,0.222,0.507,0.047
104.32639900000001,0.060,0.465,0.564,0.058,0.241,0.269,0.524,0.039
104.486399,0.069,0.475,0.581,0.057,0.260,0.243,0.533,0.039
104.646399,0.090,0.338,0.585,0.050,0.257,0.259,0.507,0.040
104.806399,0.095,0.456,0.633,0.044,0.246,0.264,0.428,0.040
104.966399,0.051,0.494,0.590,0.051,0.235,0.271,0.498,0.038
105.115199,0.109,0.334,0.605,0.062,0.241,0.249,0.586,0.042
105.275199,0.097,0.347,0.604,0.057,0.257,0.284,0.519,0.039
105.435199,0.057,0.429,0.631,0.046,0.245,0.244,0.451,0.043
105.59519900000001,0.105,0.317,0.614,0.055,0.250,0.280,0.537,0.043
105.755199,0.064,0.527,0.595,0.050,0.237,0.253,0.500,0.040
105.915199,0.053,0.440,0.622,0.051,0.246,0.268,0.455,0.045
106.063999,0.031,0.555,0.571,0.052,0.242,0.277,0.519,0.038
106.223999,0.085,0.486,0.626,0.047,0.258,0.274,0.438,0.047
106.383999,0.094,0.351,0.575,0.052,0.248,0.240,0.506,0.038
106.543999,0.078,0.516,0.583,0.047,0.254,0.215,0.489,0.041
106.703999,0.061,0.379,0.626,0.056,0.241,0.254,0.512,0.041
106.863999,0.057,0.730,0.585,0.053,0.248,0.292,0.490,0.040
107.012799,0.044,0.653,0.616,0.050,0.239,0.274,0.483,0.041
107.172799,0.049,0.679,0.579,0.048,0.253,0.259,0.444,0.038
107.33279900000001,0.074,0.355,0.559,0.053,0.254,0.274,0.506,0.036
107.492799,0.051,0.689,0.629,0.057,0.260,0.262,0.525,0.040
107.652799,0.055,0.615,0.631,0.051,0.258,0.313,0.493,0.041
107.812799,0.071,0.491,0.596,0.054,0.239,0.250,0.519,0.046
107.97279900000001,0.080,0.382,0.564,0.059,0.242,0.295,0.577,0.037
108.121599,0.067,0.858,0.606,0.054,0.256,0.234,0.515,0.041
108.281599,0.034,0.604,0.625,0.054,0.255,0.293,0.530,0.044
108.441599,0.033,0.618,0.624,0.049,0.234,0.309,0.468,0.040
108.60159900000001,0.047,0.894,0.621,0.057,0.262,0.344,0.537,0.047
108.761599,0.072,0.761,0.605,0.049,0.251,0.363,0.455,0.039
108.921599,0.055,0.765,0.598,0.054,0.244,0.259,0.476,0.038
109.07039900000001,0.044,0.627,0.603,0.054,0.251,0.244,0.476,0.038
109.230399,0.081,0.652,0.579,0.050,0.245,0.230,0.502,0.036
109.390399,0.037,0.792,0.644,0.061,0.276,0.332,0.576,0.043
109.550399,0.067,0.869,0.630,0.049,0.232,0.297,0.483,0.041
109.71039900000001,0.045,0.690,0.595,0.052,0.253,0.327,0.497,0.036
109.870399,0.071,0.477,0.592,0.050,0.224,0.281,0.492,0.037
110.019199,0.155,1.247,0.647,0.052,0.240,0.240,0.515,0.043
110.179199,0.052,0.935,0.677,0.050,0.221,0.270,0.492,0.040
110.33919900000001,0.057,0.593,0.548,0.057,0.243,0.232,0.520,0.035
110.499199,0.078,0.406,0.556,0.053,0.228,0.319,0.493,0.037
110.659199,0.051,0.493,0.627,0.057,0.239,0.258,0.553,0.040
110.819199,0.084,0.414,0.634,0.055,0.227,0.319,0.531,0.042
110.97919900000001,0.775,2.602,0.632,0.052,0.240,0.310,0.523,0.038
111.127999,0.102,0.254,0.617,0.047,0.224,0.330,0.471,0.039
111.287999,0.067,0.573,0.595,0.051,0.212,0.317,0.506,0.038
111.447999,0.055,0.549,0.637,0.056,0.248,0.433,0.556,0.046
111.607999,0.068,0.820,0.605,0.051,0.265,0.515,0.502,0.040
111.767999,0.074,0.450,0.614,0.057,0.276,0.345,0.596,0.040
111.927999,0.044,0.663,0.645,0.061,0.190,0.433,0.630,0.043
112.07679900000001,0.042,0.967,0.603,0.055,1.746,0.890,0.591,0.042
112.236799,0.062,0.938,0.563,0.047,0.271,0.246,0.487,0.036
112.396799,0.082,0.922,0.586,0.059,0.246,0.255,0.560,0.038
112.556799,0.056,0.603,0.665,0.047,0.261,0.252,0.480,0.042
112.71679900000001,0.033,0.751,0.586,0.046,0.249,0.247,0.453,0.038
112.876799,0.105,0.298,0.608,0.048,0.247,0.233,0.467,0.039
113.025599,0.077,0.447,0.578,0.050,0.249,0.293,0.459,0.037
113.185599,0.075,0.805,0.582,0.059,0.256,0.251,0.530,0.037
113.345599,0.073,0.474,0.582,0.054,0.235,0.283,0.538,0.036
113.505599,0.053,1.035,0.619,0.058,0.222,0.322,0.542,0.040
113.665599,0.055,1.003,0.595,0.053,0.191,0.362,0.535,0.040
113.825599,0.030,0.789,0.587,0.056,0.185,0.380,0.594,0.038
113.98559900000001,0.058,0.528,0.664,0.049,0.126,0.313,0.603,0.046
114.134399,0.094,0.856,0.597,0.065,0.239,0.169,0.615,0.038
114.294399,0.084,0.345,0.598,0.051,0.136,0.354,0.565,0.040
114.45439900000001,0.078,0.364,0.600,0.051,0.153,0.264,0.584,0.037
114.614399,0.036,0.802,0.567,0.051,0.140,0.461,0.579,0.036
114.774399,0.068,0.505,0.604,0.054,0.162,0.179,0.651,0.043
114.934399,0.031,0.815,0.612,0.054,0.118,0.813,0.695,0.055
115.08319900000001,0.069,1.033,0.614,0.052,0.083,0.337,0.578,0.046
115.243199,0.062,0.914,0.617,0.066,0.592,0.069,0.719,0.043
115.403199,0.114,0.329,0.642,0.047,0.232,0.250,0.478,0.045
115.563199,0.110,1.108,0.599,0.053,0.237,0.289,0.578,0.042
115.72319900000001,0.069,0.781,0.629,0.056,0.104,0.293,0.623,0.047
115.883199,0.104,0.347,0.594,0.056,0.174,0.370,0.602,0.040
116.031999,0.027,0.898,0.627,0.049,0.124,0.579,0.576,0.041
116.191999,0.035,0.790,0.607,0.051,0.120,0.291,0.611,0.039
116.351999,0.073,0.468,0.620,0.064,0.119,0.558,0.635,0.042
116.511999,0.170,0.415,0.605,0.061,0.086,0.316,0.646,0.043
116.671999,0.085,0.870,0.637,0.051,0.073,0.528,0.646,0.053
116.831999,0.027,0.786,0.631,0.056,0.103,0.519,0.644,0.040
116.991999,0.067,0.718,0.561,0.056,0.148,0.705,0.633,0.038
117.140799,0.211,0.313,0.678,0.062,0.132,0.199,0.744,0.049
117.300799,0.305,0.243,0.555,0.056,0.102,0.372,0.664,0.039
117.46079900000001,0.271,0.257,0.530,0.053,0.101,0.253,0.633,0.040
117.620799,0.281,0.253,0.511,0.060,0.084,0.389,0.693,0.040
117.780799,0.266,0.241,0.543,0.051,0.094,0.794,0.553,0.043
117.940799,0.262,0.258,0.516,0.054,0.174,0.869,0.627,0.039
118.089599,0.248,0.265,0.570,0.051,0.131,0.190,0.595,0.047
118.249599,0.262,0.276,0.504,0.059,0.115,0.246,0.639,0.042
118.409599,0.258,0.261,0.549,0.051,0.061,0.314,0.586,0.044
118.569599,0.262,0.242,0.505,0.049,0.120,0.346,0.571,0.042
118.72959900000001,0.254,0.249,0.513,0.053,0.194,0.113,0.616,0.041
118.889599,0.253,0.264,0.454,0.046,0.056,0.659,0.558,0.037
119.038399,0.275,0.230,0.477,0.049,0.132,0.510,0.539,0.040
119.19839900000001,0.246,0.276,0.527,0.048,0.058,0.501,0.581,0.044
119.358399,0.257,0.256,0.510,0.055,0.112,0.385,0.598,0.041
119.518399,0.259,0.283,0.470,0.055,0.116,0.563,0.623,0.038
119.678399,0.255,0.264,0.448,0.050,0.074,0.488,0.621,0.037
119.83839900000001,0.261,0.252,0.551,0.050,0.134,0.736,0.596,0.047
119.998399,0.250,0.243,0.474,0.046,0.154,0.303,0.540,0.038
120.147199,0.248,0.281,0.496,0.049,0.109,0.275,0.574,0.040
120.307199,0.249,0.279,0.511,0.057,0.111,0.493,0.603,0.042
120.46719900000001,0.243,0.283,0.445,0.050,0.094,0.373,0.601,0.036
120.627199,0.241,0.294,0.474,0.048,0.084,0.486,0.567,0.039
120.787199,0.220,0.284,0.475,0.054,0.081,0.332,0.611,0.038
120.947199,0.223,0.309,0.463,0.046,0.111,0.429,0.549,0.038
121.095999,0.205,0.296,0.509,0.063,0.063,0.412,0.655,0.041
121.255999,0.201,0.347,0.509,0.050,0.147,0.593,0.579,0.042
121.415999,0.187,0.381,0.556,0.056,0.129,0.202,0.627,0.047
121.575999,0.159,0.227,0.591,0.051,0.158,0.915,0.668,0.045
121.735999,0.066,0.436,0.606,0.056,0.302,0.446,0.636,0.045
121.895999,0.079,0.564,0.564,0.052,0.117,0.466,0.588,0.040
122.044799,0.138,0.372,0.569,0.054,0.092,0.267,0.642,0.038
122.20479900000001,0.061,0.799,0.606,0.049,0.109,0.332,0.575,0.045
122.364799,0.055,0.610,0.576,0.056,0.101,0.495,0.653,0.040
122.524799,0.075,0.632,0.643,0.054,0.105,0.660,0.610,0.044
122.684799,0.068,0.535,0.627,0.051,0.072,0.518,0.593,0.040
122.84479900000001,0.079,0.326,0.573,0.054,0.080,0.479,0.626,0.040
123.004799,0.074,0.572,0.596,0.053,0.171,0.187,0.613,0.040
123.153599,0.046,0.652,0.624,0.058,0.136,0.492,0.684,0.046
123.313599,0.148,1.001,0.588,0.054,0.123,0.379,0.598,0.041
123.47359900000001,0.067,0.465,0.573,0.055,0.139,0.856,0.618,0.037
123.633599,0.068,0.351,0.602,0.050,0.093,0.317,0.603,0.042
123.793599,0.064,0.456,0.594,0.062,0.143,0.299,0.667,0.043
123.953599,0.065,0.453,0.574,0.055,0.101,0.320,0.711,0.038
124.102399,0.071,0.459,0.634,0.055,5.184,3.589,0.691,0.047
124.262399,0.078,0.470,0.604,0.051,0.250,0.269,0.570,0.045
124.422399,0.034,0.678,0.704,0.054,0.271,0.239,0.568,0.052
124.58239900000001,0.063,0.685,0.639,0.051,0.245,0.245,0.493,0.043
124.742399,0.054,1.023,0.606,0.058,0.254,0.246,0.566,0.040
124.902399,0.086,0.364,0.579,0.052,0.247,0.254,0.516,0.040
125.051199,0.050,0.437,0.576,0.049,0.247,0.282,0.524,0.038
125.21119900000001,0.065,0.551,0.610,0.051,0.251,0.266,0.492,0.042
125.371199,0.037,0.604,0.639,0.062,0.247,0.269,0.596,0.042
125.531199,0.059,0.411,0.622,0.051,0.251,0.277,0.487,0.041
125.691199,0.084,0.292,0.622,0.065,0.249,0.255,0.636,0.040
125.85119900000001,0.075,0.492,0.609,0.055,0.245,0.269,0.508,0.040
126.011199,0.080,0.365,0.580,0.051,0.243,0.292,0.496,0.043
126.159999,0.053,0.590,0.565,0.046,0.241,0.283,0.474,0.037
126.319999,0.046,0.693,0.596,0.050,0.224,0.305,0.512,0.040
126.479999,0.055,0.940,0.648,0.048,0.233,0.265,0.517,0.041
126.639999,0.108,0.377,0.627,0.058,0.238,0.265,0.562,0.038
126.799999,0.053,0.751,0.647,0.052,0.181,0.305,0.535,0.045
126.959999,0.033,0.766,0.594,0.051,0.148,0.361,0.612,0.040
127.108799,0.057,0.832,0.612,0.049,0.100,0.453,0.570,0.041
127.268799,0.042,0.482,0.553,0.053,0.124,0.325,0.595,0.037
127.428799,0.055,0.883,0.587,0.058,0.185,0.215,0.600,0.041
127.58879900000001,0.046,0.635,0.642,0.054,0.140,0.703,0.597,0.039
127.748799,0.050,0.452,0.641,0.050,0.109,0.715,0.594,0.040
127.908799,0.042,0.509,0.653,0.051,0.067,0.287,0.608,0.041
128.057599,0.039,0.588,0.612,0.051,0.052,0.580,0.581,0.040
128.217599,0.045,0.616,0.618,0.058,0.150,0.145,0.657,0.039
128.377599,0.030,0.711,0.598,0.054,0.044,0.503,0.621,0.040
128.537599,0.026,0.720,0.631,0.055,0.067,0.123,0.683,0.041
128.697599,0.032,0.635,0.625,0.055,0.112,0.273,0.635,0.042
128.857599,0.058,1.063,0.594,0.052,0.106,0.212,0.643,0.039
129.00639900000002,0.082,1.264,0.660,0.060,0.057,0.259,0.634,0.045
129.166399,0.117,0.281,0.634,0.048,0.194,0.816,0.609,0.041
129.326399,0.045,0.874,0.582,0.052,0.105,0.630,0.611,0.039
129.486399,0.037,0.626,0.630,0.048,0.250,0.145,0.551,0.039
129.646399,0.072,1.188,0.635,0.054,0.073,0.481,0.671,0.045
129.806399,0.127,0.354,0.650,0.057,0.132,0.479,0.612,0.041
129.966399,0.106,1.034,0.632,0.062,0.207,0.168,0.659,0.044
130.115199,0.070,0.456,0.579,0.051,0.077,0.702,0.596,0.037
130.27519900000001,0.056,0.636,0.625,0.056,0.082,0.306,0.640,0.041
130.435199,0.057,0.592,0.587,0.054,0.101,0.445,0.650,0.035
130.595199,0.037,0.575,0.649,0.051,0.068,0.626,0.610,0.043
130.755199,0.072,1.025,0.609,0.056,0.090,0.425,0.635,0.042
130.915199,0.085,0.852,0.595,0.070,0.099,0.421,0.749,0.039
131.063999,0.031,0.797,0.583,0.058,0.095,0.472,0.647,0.041
131.223999,0.060,0.884,0.616,0.050,0.078,0.560,0.602,0.040
131.383999,0.045,0.633,0.631,0.063,0.131,0.482,0.741,0.039
131.543999,0.046,0.827,0.577,0.054,0.183,0.196,0.623,0.037
131.703999,0.042,0.631,0.647,0.056,0.149,0.318,0.624,0.047
131.863999,0.095,0.383,0.601,0.051,0.217,1.114,0.629,0.042
132.012799,0.045,0.783,0.731,0.058,0.108,0.394,0.656,0.047
132.172799,0.241,1.560,0.642,0.063,0.050,0.309,0.720,0.043
132.332799,0.045,0.498,0.601,0.055,0.050,0.573,0.624,0.039
132.492799,0.083,0.399,0.594,0.058,0.092,0.594,0.688,0.042
132.65279900000002,0.044,0.793,0.592,0.048,0.069,0.384,0.606,0.045
132.812799,0.039,0.957,0.606,0.051,0.067,0.391,0.596,0.041
132.972799,0.051,0.616,0.651,0.059,0.112,0.690,0.679,0.048
133.121599,0.047,0.550,0.599,0.054,0.213,0.216,0.644,0.042
133.281599,0.094,0.425,0.620,0.055,0.125,0.177,0.647,0.040
133.441599,0.068,0.454,0.647,0.055,0.042,0.399,0.636,0.046
133.601599,0.068,0.594,0.606,0.056,0.124,0.531,0.641,0.042
133.761599,0.061,0.515,0.700,0.054,0.075,0.357,0.649,0.043
133.92159900000001,0.043,0.911,0.630,0.059,0.168,0.271,0.726,0.044
134.070399,0.036,0.724,0.643,0.062,0.069,0.679,0.659,0.045
134.230399,0.039,0.546,0.617,0.056,0.072,0.381,0.693,0.041
134.390399,0.038,0.611,0.656,0.055,0.123,0.621,0.622,0.048
134.550399,0.074,0.843,0.607,0.060,0.103,0.386,0.658,0.042
134.710399,0.039,0.693,0.651,0.054,0.119,0.710,0.621,0.047
134.870399,1.096,2.492,0.604,0.056,0.104,0.282,0.633,0.041
135.01919900000001,0.294,0.202,0.542,0.062,0.113,0.542,0.663,0.047
135.179199,0.269,0.255,0.553,0.052,0.089,0.547,0.616,0.039
135.339199,0.223,0.322,0.534,0.048,0.151,0.950,0.589,0.041
135.499199,0.232,0.273,0.571,0.057,0.064,0.526,0.640,0.042
135.659199,0.190,0.366,0.582,0.055,0.063,0.441,0.662,0.046
135.819199,0.129,0.520,0.528,0.057,0.066,0.372,0.650,0.038
135.979199,0.048,0.565,0.581,0.053,0.130,0.284,0.594,0.041
136.127999,0.081,0.547,0.631,0.059,0.064,0.467,0.660,0.049
136.287999,0.051,0.658,0.554,0.050,0.143,0.502,0.593,0.038
136.447999,0.070,0.477,0.602,0.058,0.069,0.576,0.628,0.044
136.607999,0.040,0.844,0.606,0.055,0.068,0.513,0.626,0.042
136.767999,0.086,0.577,0.604,0.064,0.090,0.637,0.607,0.042
136.927999,0.038,0.534,0.603,0.054,0.075,0.519,0.624,0.043
137.076799,0.073,1.130,0.597,0.056,0.060,0.756,0.636,0.043
137.236799,0.039,0.765,0.675,0.062,0.099,0.600,0.688,0.046
137.39679900000002,0.034,0.742,0.596,0.052,0.092,0.687,0.628,0.040
137.556799,0.042,0.625,0.592,0.056,0.099,1.021,0.635,0.043
137.716799,0.102,0.359,0.584,0.053,0.143,0.197,0.613,0.038
137.876799,0.199,0.209,0.607,0.056,0.108,0.578,0.628,0.043
138.025599,0.057,0.520,0.589,0.053,0.067,0.385,0.594,0.037
138.185599,0.041,0.625,0.625,0.053,0.068,0.613,0.619,0.037
138.345599,0.060,0.873,0.604,0.054,0.131,0.551,0.630,0.039
138.505599,0.046,0.992,0.627,0.052,0.117,0.844,0.586,0.045
138.66559900000001,0.043,0.822,0.662,0.068,0.202,1.335,0.726,0.047
138.825599,0.052,0.768,0.598,0.057,0.177,0.629,0.638,0.042
138.985599,0.044,0.829,0.646,0.059,0.071,0.623,0.614,0.046
139.134399,0.096,0.337,0.633,0.052,0.033,0.640,0.638,0.045
139.294399,0.034,0.698,0.619,0.054,0.296,1.417,0.662,0.041
139.454399,0.033,0.719,0.614,0.058,0.068,0.524,0.660,0.041
139.614399,0.027,0.737,0.648,0.051,0.093,0.359,0.590,0.040
139.77439900000002,0.041,0.590,0.589,0.051,0.108,0.684,0.541,0.038
139.934399,0.043,0.669,0.608,0.056,0.091,0.577,0.635,0.043
140.083199,0.060,0.865,0.634,0.055,0.062,0.559,0.634,0.044
140.243199,0.032,0.659,0.707,0.054,0.036,0.352,0.602,0.053
140.403199,0.025,0.819,0.579,0.052,0.060,0.505,0.619,0.042
140.563199,0.031,0.646,0.602,0.060,0.162,0.416,0.648,0.040
140.723199,0.079,0.858,0.600,0.064,0.110,0.603,0.748,0.041
140.883199,0.124,0.368,0.568,0.053,0.177,0.159,0.651,0.037
141.031999,0.065,1.254,0.585,0.057,0.102,0.298,0.672,0.039
141.191999,0.030,0.739,0.593,0.055,0.094,0.983,0.668,0.040
141.351999,0.053,0.636,0.631,0.065,0.097,0.576,0.677,0.043
141.511999,0.097,0.344,0.682,0.057,0.071,0.353,0.654,0.049
141.671999,0.028,0.802,0.598,0.058,0.108,0.524,0.659,0.042
141.831999,0.049,0.568,0.634,0.059,0.098,0.345,0.651,0.044
141.991999,0.038,0.567,0.659,0.056,0.128,0.997,0.654,0.045
142.14079900000002,0.077,1.112,0.587,0.056,0.045,0.685,0.651,0.041
142.300799,0.044,0.613,0.606,0.066,0.061,0.348,0.842,0.041
142.460799,0.034,0.810,0.678,0.056,0.088,0.300,0.632,0.044
142.620799,0.045,1.103,0.638,0.058,0.078,0.462,0.663,0.044
142.780799,0.082,1.264,0.631,0.054,0.119,0.542,0.617,0.042
142.940799,0.030,0.658,0.625,0.054,0.105,0.237,0.624,0.040
143.089599,0.035,0.693,0.628,0.059,0.098,0.279,0.700,0.041
143.249599,0.051,0.456,0.630,0.053,0.176,0.168,0.639,0.041
143.40959900000001,0.063,1.175,0.620,0.054,0.078,0.948,0.599,0.047
143.569599,0.049,0.661,0.619,0.058,0.044,0.696,0.653,0.044
143.729599,0.029,0.761,0.569,0.058,0.142,0.279,0.643,0.039
143.889599,0.032,0.723,0.618,0.057,0.073,0.332,0.652,0.042
144.038399,0.040,0.614,0.721,0.055,0.051,0.796,0.615,0.056
144.198399,0.075,0.385,0.606,0.058,0.502,0.154,0.668,0.040
144.358399,0.035,0.739,0.650,0.058,0.229,0.249,0.648,0.050
144.51839900000002,0.151,0.286,0.614,0.056,0.267,0.277,0.582,0.044
144.678399,0.039,0.863,0.651,0.050,0.259,0.246,0.519,0.045
144.838399,0.032,0.644,0.687,0.056,0.252,0.278,0.591,0.045
144.998399,0.028,0.613,0.645,0.056,0.253,0.263,0.530,0.048
145.147199,0.042,0.792,0.631,0.049,0.256,0.253,0.479,0.047
145.307199,0.058,0.541,0.650,0.053,0.250,0.265,0.494,0.046
145.467199,0.067,0.923,0.619,0.057,0.253,0.287,0.532,0.044
145.627199,0.023,0.881,0.659,0.052,0.250,0.258,0.499,0.044
145.78719900000002,0.035,0.710,0.642,0.055,0.254,0.261,0.538,0.048
145.947199,0.076,1.111,0.594,0.057,0.245,0.268,0.563,0.040
146.095999,0.104,0.378,0.615,0.050,0.248,0.268,0.489,0.041
146.255999,0.113,1.163,0.591,0.050,0.252,0.267,0.508,0.039
146.415999,0.059,1.096,0.610,0.054,0.251,0.271,0.525,0.040
146.575999,0.058,0.849,0.567,0.056,0.250,0.277,0.540,0.037
146.735999,0.056,0.957,0.600,0.058,0.250,0.246,0.517,0.040
146.895999,0.088,0.965,0.633,0.055,0.250,0.257,0.474,0.043
147.044799,0.033,1.024,0.598,0.059,0.253,0.258,0.515,0.038
147.204799,0.028,0.811,0.633,0.057,0.246,0.254,0.497,0.045
147.364799,0.045,0.545,0.640,0.055,0.242,0.267,0.494,0.042
147.524799,0.041,0.511,0.647,0.056,0.245,0.280,0.505,0.045
147.684799,0.086,1.037,0.557,0.052,0.251,0.255,0.492,0.038
147.844799,0.081,0.433,0.598,0.055,0.254,0.242,0.467,0.039
148.004799,0.072,0.441,0.665,0.053,0.256,0.274,0.495,0.047
148.153599,0.120,0.261,0.587,0.053,0.251,0.252,0.531,0.037
148.313599,0.086,0.918,0.625,0.059,0.250,0.249,0.503,0.041
148.473599,0.034,0.931,0.583,0.056,0.246,0.262,0.499,0.038
148.633599,0.060,0.928,0.581,0.052,0.248,0.257,0.458,0.038
148.793599,0.058,0.957,0.602,0.059,0.247,0.279,0.522,0.041
148.953599,0.069,1.114,0.626,0.052,0.243,0.250,0.489,0.043
149.102399,0.085,0.943,0.591,0.062,0.249,0.262,0.578,0.038
149.26239900000002,0.077,0.487,0.603,0.050,0.248,0.255,0.467,0.043
149.422399,0.071,1.154,0.556,0.052,0.241,0.252,0.474,0.036
149.582399,0.020,0.810,0.621,0.055,0.246,0.241,0.485,0.039
149.742399,0.032,0.665,0.595,0.053,0.250,0.267,0.484,0.041
149.902399,0.037,0.751,0.542,0.048,0.256,0.259,0.446,0.038
150.051199,0.044,0.602,0.600,0.054,0.243,0.264,0.478,0.039
150.211199,0.041,0.719,0.598,0.051,0.247,0.257,0.464,0.039
150.371199,0.130,1.290,0.564,0.051,0.248,0.266,0.453,0.038
150.53119900000002,0.071,1.058,0.585,0.054,0.247,0.227,0.481,0.038
150.691199,0.039,0.728,0.648,0.054,0.244,0.278,0.487,0.042
150.851199,0.096,0.359,0.595,0.052,0.255,0.233,0.461,0.039
151.011199,0.029,0.792,0.583,0.050,0.253,0.234,0.468,0.039
151.159999,0.034,0.787,0.644,0.051,0.238,0.261,0.442,0.040
151.319999,0.053,0.536,0.567,0.051,0.251,0.253,0.473,0.037
151.479999,0.027,0.915,0.621,0.050,0.249,0.238,0.451,0.041
151.639999,0.103,1.205,0.590,0.048,0.252,0.242,0.435,0.038
151.799999,0.039,0.761,0.583,0.047,0.256,0.258,0.436,0.038
151.959999,0.063,1.109,0.615,0.056,0.253,0.279,0.519,0.038
152.108799,0.044,0.518,0.664,0.054,0.253,0.257,0.473,0.048
152.268799,0.042,0.820,0.593,0.048,0.249,0.265,0.436,0.038
152.428799,0.037,0.675,0.551,0.056,0.246,0.243,0.481,0.035
152.588799,0.064,1.131,0.622,0.048,0.245,0.267,0.460,0.038
152.748799,0.064,0.594,0.545,0.061,0.249,0.271,0.524,0.033
152.90879900000002,0.044,0.924,0.579,0.049,0.251,0.251,0.438,0.036
153.057599,0.043,0.652,0.585,0.048,0.235,0.267,0.459,0.037
153.217599,0.039,0.921,0.605,0.050,0.258,0.231,0.437,0.040
153.377599,0.053,1.232,0.583,0.047,0.244,0.265,0.454,0.037
153.537599,0.035,0.705,0.621,0.050,0.265,0.261,0.471,0.043
153.697599,0.064,0.593,0.579,0.052,0.284,0.335,0.452,0.036
153.857599,0.086,0.339,0.586,0.059,0.261,0.228,0.500,0.036
154.00639900000002,0.060,1.137,0.602,0.049,0.259,0.257,0.476,0.042
154.166399,0.083,0.742,0.645,0.052,0.253,0.308,0.496,0.041
154.326399,0.066,1.168,0.596,0.055,0.247,0.281,0.488,0.043
154.486399,0.043,1.017,0.598,0.052,0.242,0.277,0.515,0.036
154.646399,0.045,0.714,0.595,0.053,0.254,0.242,0.478,0.037
154.806399,0.065,0.424,0.584,0.057,0.256,0.258,0.495,0.038
154.966399,0.043,0.563,0.610,0.053,0.267,0.259,0.503,0.041
155.115199,0.033,0.730,0.573,0.054,0.252,0.278,0.485,0.035
155.27519900000001,0.085,0.295,0.632,0.050,0.261,0.271,0.492,0.040
155.435199,0.046,0.753,0.576,0.051,0.265,0.265,0.461,0.036
155.595199,0.050,0.492,0.595,0.057,0.243,0.245,0.517,0.037
155.755199,0.055,0.521,0.595,0.048,0.245,0.259,0.471,0.039
155.915199,0.026,0.870,0.576,0.052,0.243,0.282,0.485,0.035
156.063999,0.028,0.747,0.635,0.057,0.246,0.280,0.535,0.044
156.223999,0.039,0.908,0.583,0.050,0.252,0.235,0.489,0.036
156.383999,0.521,2.308,0.569,0.057,0.244,0.241,0.530,0.033
156.543999,0.052,0.694,0.605,0.053,0.248,0.254,0.486,0.038
156.703999,0.045,0.457,0.579,0.049,0.264,0.324,0.435,0.037
156.863999,0.062,0.558,0.570,0.054,0.239,0.265,0.486,0.039
157.012799,0.061,0.576,0.602,0.057,0.245,0.257,0.505,0.042
157.172799,0.075,1.348,0.598,0.053,0.250,0.254,0.481,0.039
157.332799,0.038,0.617,0.607,0.048,0.245,0.277,0.459,0.040
157.492799,0.045,0.622,0.616,0.052,0.258,0.241,0.460,0.039
157.65279900000002,0.024,0.980,0.583,0.051,0.244,0.259,0.483,0.037
157.812799,0.044,0.674,0.552,0.055,0.254,0.265,0.484,0.034
157.972799,0.056,0.788,0.620,0.060,0.234,0.306,0.528,0.039
158.121599,0.029,0.860,0.565,0.052,0.243,0.284,0.481,0.034
158.281599,0.029,0.891,0.607,0.048,0.239,0.268,0.452,0.045
158.441599,0.037,0.637,0.590,0.058,0.243,0.260,0.535,0.038
158.601599,0.028,0.672,0.659,0.052,0.262,0.305,0.469,0.043
158.761599,0.039,0.603,0.578,0.050,0.249,0.240,0.462,0.036
158.92159900000001,0.093,1.148,0.588,0.051,0.250,0.282,0.503,0.035
159.070399,0.033,0.873,0.575,0.052,0.240,0.266,0.491,0.036
159.230399,0.031,0.552,0.597,0.050,0.255,0.242,0.462,0.040
159.390399,0.041,0.808,0.679,0.047,0.244,0.302,0.437,0.041
159.550399,0.054,0.970,0.554,0.052,0.234,0.286,0.547,0.035
159.710399,0.043,0.637,0.576,0.052,0.245,0.302,0.476,0.038
159.870399,0.072,0.551,0.612,0.057,0.243,0.291,0.482,0.038
160.01919900000001,0.030,0.777,0.631,0.052,0.232,0.222,0.510,0.040
160.179199,0.092,1.015,0.644,0.058,0.257,0.350,0.552,0.041
160.339199,0.044,1.137,0.612,0.049,0.229,0.318,0.468,0.040
160.499199,0.021,0.742,0.586,0.055,0.248,0.278,0.513,0.040
160.659199,0.029,0.797,0.599,0.047,0.224,0.276,0.472,0.037
160.819199,0.030,0.943,0.615,0.053,0.245,0.337,0.492,0.041
160.979199,0.030,0.678,0.637,0.050,0.250,0.245,0.492,0.043
161.127999,0.055,0.682,0.572,0.052,0.231,0.310,0.508,0.037
161.287999,0.025,0.816,0.673,0.053,0.237,0.221,0.507,0.044
161.447999,0.084,0.450,0.551,0.052,0.246,0.297,0.488,0.036
161.607999,0.053,0.952,0.586,0.057,0.234,0.275,0.531,0.038
161.767999,0.029,0.876,0.563,0.050,0.230,0.270,0.482,0.037
161.927999,0.025,0.814,0.608,0.058,0.251,0.295,0.538,0.038
162.076799,0.023,0.984,0.586,0.051,0.222,0.339,0.495,0.039
162.236799,0.029,0.908,0.618,0.049,0.224,0.279,0.481,0.037
162.39679900000002,0.042,0.641,0.557,0.058,0.240,0.167,0.574,0.035
162.556799,0.035,0.719,0.591,0.063,0.212,0.328,0.535,0.035
162.716799,0.027,0.965,0.589,0.052,0.238,0.247,0.569,0.038
162.876799,0.037,0.711,0.606,0.055,0.271,0.236,0.512,0.038
163.025599,0.026,1.014,0.574,0.052,0.216,0.387,0.520,0.036
163.185599,0.098,1.213,0.584,0.049,0.233,0.258,0.497,0.040
163.345599,0.043,0.747,0.584,0.055,0.229,0.273,0.525,0.037
163.505599,0.024,0.956,0.549,0.051,0.249,0.264,0.530,0.036
163.66559900000001,0.042,0.951,0.567,0.049,0.222,0.262,0.515,0.038
163.825599,0.115,1.170,0.594,0.050,0.268,0.221,0.494,0.039
163.985599,0.040,0.777,0.582,0.055,0.266,0.219,0.494,0.038
164.134399,0.081,0.527,0.632,0.047,0.253,0.234,0.443,0.043
164.294399,0.047,0.762,0.562,0.050,0.252,0.280,0.445,0.036
164.454399,0.042,0.627,0.590,0.055,0.236,0.292,0.489,0.039
164.614399,0.038,0.608,0.549,0.048,0.225,0.280,0.452,0.034
164.77439900000002,0.036,0.917,0.704,0.067,0.211,0.380,0.605,0.041
164.934399,0.028,0.832,0.616,0.060,0.226,0.337,0.569,0.040
165.083199,0.025,0.693,0.591,0.048,0.259,0.224,0.503,0.036
165.243199,0.039,1.031,0.561,0.053,0.208,0.223,0.502,0.034
165.403199,0.032,0.570,0.585,0.050,0.164,0.231,0.522,0.035
165.563199,0.042,0.528,0.602,0.055,0.186,0.391,0.535,0.039
165.723199,0.056,1.467,0.568,0.046,0.200,0.311,0.472,0.035
165.883199,0.057,0.547,0.624,0.055,0.175,0.353,0.552,0.040
166.031999,0.054,1.079,0.637,0.052,0.662,1.462,0.592,0.042
166.191999,0.081,0.402,0.593,0.053,0.131,0.678,0.613,0.038
166.351999,0.109,0.368,0.603,0.052,0.111,0.350,0.564,0.040
166.511999,0.036,0.601,0.618,0.053,0.116,0.473,0.577,0.040
166.671999,0.049,1.130,0.575,0.050,0.082,0.688,0.581,0.038
166.831999,0.030,0.802,0.575,0.054,0.067,0.396,0.588,0.041
166.991999,0.057,0.532,0.625,0.051,0.048,0.380,0.609,0.041
167.14079900000002,0.050,0.873,0.639,0.050,0.121,0.411,0.587,0.039
167.300799,0.050,0.796,0.608,0.047,0.062,0.369,0.596,0.039
167.460799,0.031,1.064,0.723,0.047,0.107,0.946,0.602,0.046
167.620799,0.030,0.630,0.612,0.049,0.038,0.498,0.575,0.042
167.780799,0.053,0.582,0.571,0.051,0.233,0.127,0.622,0.037
167.940799,0.027,0.703,0.635,0.053,0.092,0.272,0.603,0.043
168.089599,0.030,0.852,0.567,0.051,0.118,0.297,0.589,0.036
168.249599,0.021,1.062,0.598,0.052,0.053,0.418,0.590,0.039
168.40959900000001,0.040,0.825,0.639,0.052,0.102,0.573,0.629,0.042
168.569599,0.028,0.728,0.568,0.052,0.073,0.807,0.610,0.037
168.729599,0.055,0.566,0.590,0.061,0.065,0.307,0.696,0.041
168.889599,0.048,0.745,0.630,0.061,0.076,0.577,0.720,0.042
169.038399,0.053,0.673,0.632,0.052,0.049,0.486,0.584,0.041
169.198399,0.045,0.954,0.606,0.056,0.107,0.201,0.711,0.038
169.358399,0.089,0.374,0.592,0.053,0.177,0.932,0.620,0.043
169.51839900000002,0.046,0.877,0.568,0.056,0.069,0.549,0.620,0.038
169.678399,0.035,0.617,0.572,0.059,0.097,1.217,0.693,0.036
169.838399,0.023,0.993,0.582,0.056,0.144,0.325,0.643,0.036
169.998399,0.042,0.641,0.619,0.060,0.111,0.656,0.640,0.040
170.147199,0.058,0.918,0.626,0.051,0.066,0.448,0.601,0.041
170.307199,0.031,0.692,0.590,0.053,0.111,0.238,0.593,0.038
170.467199,0.079,1.172,0.599,0.052,0.106,0.430,0.598,0.039
170.627199,0.056,0.545,0.623,0.055,0.080,0.693,0.623,0.044
170.78719900000002,0.026,0.835,0.620,0.055,0.106,0.991,0.657,0.042
170.947199,0.024,1.106,0.594,0.050,0.087,0.318,0.644,0.041
171.095999,0.022,0.663,0.595,0.051,0.046,0.541,0.610,0.036
171.255999,0.040,0.587,0.608,0.053,0.041,0.448,0.606,0.041
171.415999,0.037,0.888,0.609,0.054,0.071,0.551,0.625,0.039
171.575999,0.054,0.570,0.660,0.056,0.109,0.360,0.614,0.047
171.735999,0.050,0.996,0.603,0.051,0.079,0.407,0.647,0.045
171.895999,0.024,0.828,0.625,0.053,0.093,0.328,0.630,0.042
172.044799,0.052,0.502,0.586,0.066,0.088,0.704,0.651,0.037
172.204799,0.038,0.748,0.601,0.054,1.815,1.989,0.610,0.041
172.364799,0.035,0.962,1.292,0.063,0.242,0.275,0.708,0.121
172.524799,0.028,0.732,0.999,0.058,0.225,0.342,0.654,0.087
172.684799,0.042,0.552,0.825,0.048,0.169,0.430,0.517,0.074
172.844799,0.038,0.660,0.901,0.051,0.076,0.520,0.610,0.078
173.004799,0.029,0.816,0.761,0.057,0.085,0.519,0.601,0.064
173.153599,0.048,0.962,0.710,0.059,0.084,0.676,0.677,0.056
173.313599,0.045,1.132,0.733,0.052,0.101,0.486,0.639,0.057
173.473599,0.038,1.223,0.687,0.051,0.146,0.569,0.619,0.059
173.633599,0.022,0.814,0.680,0.050,0.100,1.076,0.593,0.052
173.793599,0.025,0.951,0.681,0.055,0.052,0.621,0.650,0.052
173.953599,0.093,1.360,0.722,0.067,0.067,0.494,0.748,0.054
174.102399,0.056,1.218,0.644,0.054,0.115,0.350,0.660,0.048
174.26239900000002,0.032,0.703,0.728,0.055,0.084,0.675,0.617,0.053
174.422399,0.026,0.823,0.665,0.057,0.046,0.810,0.704,0.051
174.582399,0.018,0.782,0.590,0.054,0.056,0.496,0.647,0.042
174.742399,0.087,0.446,0.639,0.053,0.091,0.657,0.652,0.051
174.902399,0.027,0.680,0.640,0.052,0.116,0.455,0.618,0.046
175.051199,0.092,0.380,0.634,0.049,0.066,0.439,0.585,0.045
175.211199,0.115,0.330,0.608,0.053,0.055,0.469,0.635,0.044
175.371199,0.069,1.100,0.640,0.055,0.082,0.447,0.653,0.045
175.53119900000002,0.030,0.828,0.660,0.056,0.071,0.359,0.628,0.052
